k,mean_reconstruction_error,std_reconstruction_error,mean_n_iter,mean_seed_stability,std_seed_stability,median_seed_stability,min_seed_stability,error_drop_from_previous,relative_error_drop_from_previous
5,707.5967728038914,4.1430205633576626e-10,223.0,0.9999999999999943,4.64638615534731e-15,0.9999999999999922,0.9999999999999837,,
8,698.8238890745605,1.1102091546097103e-08,391.0,0.9999999999982522,1.5133264345193485e-12,0.9999999999992965,0.9999999999880026,8.772883729330943,0.01239813982555051
11,693.0512246849615,1.5521781231400571e-07,268.0,0.9999999997565284,2.0983091427946872e-10,0.9999999998415849,0.9999999989721743,5.772664389598958,0.008260542434008073
15,687.5887439900245,5.849504151361352e-07,571.6666666666666,0.9999999980401038,1.6973176365926064e-09,0.9999999989188373,0.9999999753503539,5.462480694937085,0.0078817849249457
20,681.9526773366252,0.04885318018306624,420.3333333333333,0.9563170006508065,0.03783051085106697,0.9854477289640184,0.4745277382621812,5.636066653399212,0.008196857064142079
25,677.47958027264,0.03513914522122109,460.0,0.9060572735562248,0.04178894625804115,0.9866180370834847,0.040325554289134875,4.4730970639852785,0.006559248482541362
